山王パークタワー店,プール,00001,高橋 直樹,2022/07/01,14:20:00,18:10:00
特許庁前店,ジム,00103,吉田 修,2022/07/02,15:20:00,16:20:00
虎ノ門一丁目店,プール,00001,高橋 直樹,2022/07/03,16:20:00,18:10:00
日比谷中日ビル店,プール,00002,加藤 大樹,2022/07/04,13:50:00,16:40:00
溜池山王店,ジム,00003,小林 和宏,2022/07/05,19:58:00,21:21:00
山王パークタワー店,プール,00004,佐藤 三郎,2022/07/06,14:20:00,21:10:00
特許庁前店,スタジオ,00044,須山 愛美,2022/07/07,16:20:00,19:10:00
特許庁前店,スタジオ,00045,児嶋 朋子,2022/07/08,14:20:00,18:10:00
特許庁前店,ジム,00016,小出 一也,2022/07/09,15:20:00,16:20:00
溜池山王店,ジム,00017,嶋田 和洋,2022/07/10,16:20:00,18:10:00
虎ノ門一丁目店,プール,00006,工藤 哲司,2022/07/11,13:50:00,16:40:00
虎ノ門一丁目店,プール,00066,坂口 さん,2022/07/12,19:50:00,21:10:00
虎ノ門一丁目店,ジム,00067,大崎 真志,2022/07/13,14:20:00,21:10:00
虎ノ門一丁目店,プール,00044,須山 愛美,2022/07/14,16:20:00,19:10:00
山王パークタワー店,プール,00045,児嶋 朋子,2022/07/15,9:25:00,14:20:00
虎ノ門一丁目店,ジム,00016,小出 一也,2022/07/16,10:13:00,11:00:00
特許庁前店,プール,00017,嶋田 和洋,2022/07/17,8:32:00,9:02:00
虎ノ門一丁目店,スタジオ,00022,日比 洋行,2022/07/18,13:50:00,16:40:00
特許庁前店,ジム,00023,内山 聖,2022/07/19,19:58:00,21:21:00
山王パークタワー店,プール,00024,西河 麻妃,2022/07/20,14:20:00,21:10:00
虎ノ門一丁目店,プール,00021,武田 順,2022/07/21,16:20:00,19:10:00
溜池山王店,ジム,00022,日比 洋行,2022/07/22,14:20:00,18:10:00
溜池山王店,ジム,00023,内山 聖,2022/07/23,15:20:00,16:20:00
溜池山王店,ジム,00024,西河 麻妃,2022/07/24,16:20:00,18:10:00
溜池山王店,プール,00025,佐藤 孝徳,2022/07/25,13:50:00,16:40:00
溜池山王店,ジム,00026,市川 清夏,2022/07/26,19:50:00,21:10:00
虎ノ門一丁目店,ジム,00027,高橋 有希,2022/07/27,14:20:00,21:10:00
山王パークタワー店,プール,00028,井口 知佳,2022/07/28,16:20:00,19:10:00
特許庁前店,プール,00029,薄田 なつこ,2022/07/29,9:25:00,14:20:00
虎ノ門一丁目店,プール,00030,石野 邦雄,2022/07/30,10:13:00,11:00:00
日比谷中日ビル店,スタジオ,00031,喜多 梓,2022/07/31,8:32:00,9:02:00
溜池山王店,スタジオ,00032,下村 大樹,2022/07/01,9:25:00,14:20:00
山王パークタワー店,ジム,00033,須釜 悟,2022/07/02,10:13:00,11:00:00
特許庁前店,ジム,00034,小田部 正博,2022/07/03,8:32:00,9:02:00
特許庁前店,ジム,00035,伊藤 芳昭,2022/07/04,13:50:00,16:40:00
特許庁前店,プール,00036,安本 真由子,2022/07/05,19:58:00,21:21:00
溜池山王店,プール,00037,小林 奈緒美,2022/07/06,14:20:00,21:10:00
虎ノ門一丁目店,ジム,00038,荻野 等,2022/07/07,16:20:00,19:10:00
虎ノ門一丁目店,ジム,00039,馬渕 郁実,2022/07/08,5:06:00,6:32:00
虎ノ門一丁目店,ジム,00040,大室 克己,2022/07/09,14:20:00,21:10:00
山王パークタワー店,プール,00041,野村 浩次,2022/07/10,16:20:00,19:10:00
虎ノ門一丁目店,ジム,00042,中野 萌子,2022/07/11,9:25:00,14:20:00
特許庁前店,ジム,00043,熊谷 大輔,2022/07/12,10:13:00,11:00:00
虎ノ門一丁目店,プール,00044,須山 愛美,2022/07/13,8:32:00,9:02:00
特許庁前店,プール,00045,児嶋 朋子,2022/07/14,13:50:00,16:40:00
虎ノ門一丁目店,ジム,00046,山口 奈緒,2022/07/15,19:58:00,21:21:00
虎ノ門一丁目店,スタジオ,00047,斉藤 太一,2022/07/16,14:20:00,21:10:00
虎ノ門一丁目店,プール,00048,岩坪 智哉,2022/07/17,14:20:00,18:10:00
特許庁前店,プール,00049,関口 彩,2022/07/18,15:20:00,16:20:00
虎ノ門一丁目店,ジム,00050,中路 繁,2022/07/19,16:20:00,18:10:00
溜池山王店,ジム,00051,池永 太一郎,2022/07/20,13:50:00,16:40:00
溜池山王店,ジム,00052,及川 拓也,2022/07/21,19:58:00,21:21:00
虎ノ門一丁目店,プール,00053,浅野 司郎,2022/07/22,14:20:00,21:10:00
特許庁前店,プール,00054,安田 ひろみ,2022/07/23,16:20:00,19:10:00
特許庁前店,プール,00055,佐藤 範幸,2022/07/24,14:20:00,18:10:00
虎ノ門一丁目店,ジム,00056,阿部 麻衣子,2022/07/25,15:20:00,16:20:00
特許庁前店,ジム,00057,入江 健太,2022/07/26,16:20:00,18:10:00
溜池山王店,ジム,00058,飯島 拓,2022/07/27,13:50:00,16:40:00
山王パークタワー店,プール,00059,塚田 大地,2022/07/28,19:50:00,21:10:00
山王パークタワー店,スタジオ,00060,折田 沙織,2022/07/29,14:20:00,21:10:00
溜池山王店,プール,00103,吉田 修,2022/07/30,16:20:00,19:10:00
溜池山王店,プール,00104,湯浅 恵美,2022/07/31,9:25:00,14:20:00
虎ノ門一丁目店,ジム,00003,小林 和宏,2022/07/01,10:13:00,11:00:00
山王パークタワー店,ジム,00064,長坂 さくら,2022/07/02,8:32:00,9:02:00
特許庁前店,プール,00065,日名 要,2022/07/03,13:50:00,16:40:00
日比谷中日ビル店,プール,00066,坂口 さん,2022/07/04,19:58:00,21:21:00
溜池山王店,スタジオ,00067,大崎 真志,2022/07/05,14:20:00,21:10:00
特許庁前店,ジム,00068,吉村 真悠子,2022/07/06,16:20:00,19:10:00
特許庁前店,ジム,00069,吉澤 弘文,2022/07/07,14:20:00,18:10:00
特許庁前店,プール,00070,渡邊 哲哉,2022/07/08,15:20:00,16:20:00
溜池山王店,プール,00071,渡辺 妙子,2022/07/09,16:20:00,18:10:00
虎ノ門一丁目店,プール,00072,林 薫,2022/07/10,13:50:00,16:40:00
日比谷中日ビル店,ジム,00073,久保 真彦,2022/07/11,19:50:00,21:10:00
特許庁前店,プール,00074,大塚 健太,2022/07/12,14:20:00,21:10:00
溜池山王店,ジム,00075,西村 光一,2022/07/13,16:20:00,19:10:00
虎ノ門一丁目店,ジム,00076,児玉 りえ,2022/07/14,9:25:00,14:20:00
特許庁前店,ジム,00004,佐藤 三郎,2022/07/15,10:13:00,11:00:00
虎ノ門一丁目店,ジム,00005,竹原 崇博,2022/07/16,8:32:00,9:02:00
特許庁前店,ジム,00006,工藤 哲司,2022/07/17,9:25:00,14:20:00
溜池山王店,プール,00007,鈴木 純,2022/07/18,10:13:00,11:00:00
溜池山王店,ジム,00008,柴田 菜美子,2022/07/19,8:32:00,9:02:00
特許庁前店,プール,00009,神田 信仁,2022/07/20,13:50:00,16:40:00
虎ノ門一丁目店,プール,00010,福田 清,2022/07/21,19:58:00,21:21:00
特許庁前店,ジム,00011,山本 利雄,2022/07/22,14:20:00,21:10:00
特許庁前店,プール,00085,岩崎 舞子,2022/07/23,16:20:00,19:10:00
溜池山王店,スタジオ,00086,小林 健一,2022/07/24,5:06:00,6:32:00
虎ノ門一丁目店,スタジオ,00016,小出 一也,2022/07/25,14:20:00,21:10:00
特許庁前店,ジム,00014,中村 裕,2022/07/26,16:20:00,19:10:00
虎ノ門一丁目店,ジム,00015,田丸 優子,2022/07/27,9:25:00,14:20:00
特許庁前店,プール,00004,佐藤 三郎,2022/07/28,10:13:00,11:00:00
虎ノ門一丁目店,プール,00016,小出 一也,2022/07/29,8:32:00,9:02:00
特許庁前店,ジム,00006,工藤 哲司,2022/07/30,13:50:00,16:40:00
溜池山王店,プール,00007,鈴木 純,2022/07/31,19:58:00,21:21:00
虎ノ門一丁目店,プール,00008,柴田 菜美子,2022/07/01,14:20:00,21:10:00
山王パークタワー店,ジム,00009,神田 信仁,2022/07/02,14:20:00,18:10:00
特許庁前店,プール,00014,中村 裕,2022/07/03,15:20:00,16:20:00
溜池山王店,スタジオ,00015,田丸 優子,2022/07/04,16:20:00,18:10:00
虎ノ門一丁目店,ジム,00012,藤原 利江子,2022/07/05,13:50:00,16:40:00
虎ノ門一丁目店,プール,00013,田中 圭一,2022/07/06,19:58:00,21:21:00
虎ノ門一丁目店,プール,00014,中村 裕,2022/07/07,14:20:00,21:10:00
山王パークタワー店,ジム,00015,田丸 優子,2022/07/08,16:20:00,19:10:00
特許庁前店,ジム,00016,小出 一也,2022/07/09,14:20:00,18:10:00
虎ノ門一丁目店,ジム,00017,嶋田 和洋,2022/07/10,15:20:00,16:20:00
日比谷中日ビル店,プール,00104,湯浅 恵美,2022/07/11,16:20:00,18:10:00
溜池山王店,ジム,00003,小林 和宏,2022/07/12,13:50:00,16:40:00
山王パークタワー店,ジム,00004,佐藤 三郎,2022/07/13,19:50:00,21:10:00
特許庁前店,プール,00005,竹原 崇博,2022/07/14,14:20:00,21:10:00
特許庁前店,プール,00006,工藤 哲司,2022/07/15,16:20:00,19:10:00
特許庁前店,プール,00098,高野 哲也,2022/07/16,9:25:00,14:20:00
溜池山王店,スタジオ,00099,山本 謙一,2022/07/17,10:13:00,11:00:00
虎ノ門一丁目店,スタジオ,00100,村岡 真理,2022/07/18,8:32:00,9:02:00
虎ノ門一丁目店,ジム,00101,小笠原 綾,2022/07/19,13:50:00,16:40:00
虎ノ門一丁目店,ジム,00102,藤沢 淳子,2022/07/20,19:58:00,21:21:00
虎ノ門一丁目店,ジム,00103,吉田 修,2022/07/21,14:20:00,21:10:00
山王パークタワー店,プール,00104,湯浅 恵美,2022/07/22,16:20:00,19:10:00
虎ノ門一丁目店,ジム,00003,小林 和宏,2022/07/23,14:20:00,18:10:00
特許庁前店,プール,00004,佐藤 三郎,2022/07/24,15:20:00,16:20:00
虎ノ門一丁目店,プール,00001,高橋 直樹,2022/07/25,16:20:00,18:10:00
特許庁前店,ジム,00002,加藤 大樹,2022/07/26,13:50:00,16:40:00
山王パークタワー店,プール,00003,小林 和宏,2022/07/27,19:50:00,21:10:00
虎ノ門一丁目店,スタジオ,00066,坂口 さん,2022/07/28,14:20:00,21:10:00
溜池山王店,スタジオ,00067,大崎 真志,2022/07/29,16:20:00,19:10:00
溜池山王店,ジム,00006,工藤 哲司,2022/07/30,9:25:00,14:20:00
溜池山王店,ジム,00007,鈴木 純,2022/07/31,10:13:00,11:00:00
溜池山王店,プール,00008,柴田 菜美子,2022/07/01,8:32:00,9:02:00
溜池山王店,プール,00009,神田 信仁,2022/07/02,9:25:00,14:20:00
虎ノ門一丁目店,ジム,00010,福田 清,2022/07/03,10:13:00,11:00:00
山王パークタワー店,プール,00011,山本 利雄,2022/07/04,8:32:00,9:02:00
特許庁前店,プール,00012,藤原 利江子,2022/07/05,13:50:00,16:40:00
虎ノ門一丁目店,ジム,00013,田中 圭一,2022/07/06,19:58:00,21:21:00
日比谷中日ビル店,プール,00014,中村 裕,2022/07/07,14:20:00,21:10:00
溜池山王店,スタジオ,00015,田丸 優子,2022/07/08,16:20:00,19:10:00
山王パークタワー店,ジム,00016,小出 一也,2022/07/09,5:06:00,6:32:00
特許庁前店,プール,00017,嶋田 和洋,2022/07/10,14:20:00,21:10:00
特許庁前店,プール,00016,小出 一也,2022/07/11,16:20:00,19:10:00
特許庁前店,ジム,00017,嶋田 和洋,2022/07/12,9:25:00,14:20:00
溜池山王店,ジム,00020,亀田 旭,2022/07/13,10:13:00,11:00:00
虎ノ門一丁目店,ジム,00021,武田 順,2022/07/14,8:32:00,9:02:00
虎ノ門一丁目店,プール,00022,日比 洋行,2022/07/15,13:50:00,16:40:00
虎ノ門一丁目店,ジム,00023,内山 聖,2022/07/16,19:58:00,21:21:00
山王パークタワー店,ジム,00024,西河 麻妃,2022/07/17,14:20:00,21:10:00
虎ノ門一丁目店,プール,00025,佐藤 孝徳,2022/07/18,14:20:00,18:10:00
特許庁前店,プール,00026,市川 清夏,2022/07/19,15:20:00,16:20:00
虎ノ門一丁目店,プール,00027,高橋 有希,2022/07/20,16:20:00,18:10:00
特許庁前店,スタジオ,00028,井口 知佳,2022/07/21,13:50:00,16:40:00
虎ノ門一丁目店,スタジオ,00029,薄田 なつこ,2022/07/22,19:58:00,21:21:00
虎ノ門一丁目店,ジム,00030,石野 邦雄,2022/07/23,14:20:00,21:10:00
虎ノ門一丁目店,ジム,00031,喜多 梓,2022/07/24,16:20:00,19:10:00
特許庁前店,ジム,00032,下村 大樹,2022/07/25,14:20:00,18:10:00
虎ノ門一丁目店,プール,00045,児嶋 朋子,2022/07/26,15:20:00,16:20:00
溜池山王店,ジム,00016,小出 一也,2022/07/27,16:20:00,18:10:00
溜池山王店,プール,00017,嶋田 和洋,2022/07/28,13:50:00,16:40:00
虎ノ門一丁目店,プール,00006,工藤 哲司,2022/07/29,19:50:00,21:10:00
特許庁前店,ジム,00066,坂口 さん,2022/07/30,14:20:00,21:10:00
特許庁前店,プール,00067,大崎 真志,2022/07/31,16:20:00,19:10:00
虎ノ門一丁目店,スタジオ,00044,須山 愛美,2022/07/01,9:25:00,14:20:00
特許庁前店,スタジオ,00045,児嶋 朋子,2022/07/02,10:13:00,11:00:00
溜池山王店,ジム,00016,小出 一也,2022/07/03,8:32:00,9:02:00
山王パークタワー店,ジム,00017,嶋田 和洋,2022/07/04,13:50:00,16:40:00
山王パークタワー店,プール,00022,日比 洋行,2022/07/05,19:58:00,21:21:00
溜池山王店,プール,00023,内山 聖,2022/07/06,14:20:00,21:10:00
溜池山王店,ジム,00031,喜多 梓,2022/07/07,16:20:00,19:10:00
虎ノ門一丁目店,プール,00032,下村 大樹,2022/07/08,14:20:00,18:10:00
山王パークタワー店,プール,00033,須釜 悟,2022/07/09,15:20:00,16:20:00
特許庁前店,ジム,00034,小田部 正博,2022/07/10,16:20:00,18:10:00
日比谷中日ビル店,プール,00035,伊藤 芳昭,2022/07/11,13:50:00,16:40:00
溜池山王店,スタジオ,00025,佐藤 孝徳,2022/07/12,19:50:00,21:10:00
特許庁前店,ジム,00026,市川 清夏,2022/07/13,14:20:00,21:10:00
特許庁前店,プール,00027,高橋 有希,2022/07/14,16:20:00,19:10:00
特許庁前店,プール,00028,井口 知佳,2022/07/15,9:25:00,14:20:00
溜池山王店,ジム,00029,薄田 なつこ,2022/07/16,10:13:00,11:00:00
虎ノ門一丁目店,ジム,00030,石野 邦雄,2022/07/17,8:32:00,9:02:00
日比谷中日ビル店,ジム,00031,喜多 梓,2022/07/18,9:25:00,14:20:00
特許庁前店,プール,00032,下村 大樹,2022/07/19,10:13:00,11:00:00
溜池山王店,ジム,00033,須釜 悟,2022/07/20,8:32:00,9:02:00
虎ノ門一丁目店,ジム,00034,小田部 正博,2022/07/21,13:50:00,16:40:00
特許庁前店,プール,00035,伊藤 芳昭,2022/07/22,19:58:00,21:21:00
虎ノ門一丁目店,プール,00036,安本 真由子,2022/07/23,14:20:00,21:10:00
特許庁前店,プール,00037,小林 奈緒美,2022/07/24,16:20:00,19:10:00
溜池山王店,スタジオ,00038,荻野 等,2022/07/25,5:06:00,6:32:00
溜池山王店,スタジオ,00039,馬渕 郁実,2022/07/26,14:20:00,21:10:00
特許庁前店,ジム,00040,大室 克己,2022/07/27,16:20:00,19:10:00
虎ノ門一丁目店,ジム,00041,野村 浩次,2022/07/28,9:25:00,14:20:00
特許庁前店,ジム,00042,中野 萌子,2022/07/29,10:13:00,11:00:00
特許庁前店,プール,00043,熊谷 大輔,2022/07/30,8:32:00,9:02:00
溜池山王店,プール,00044,須山 愛美,2022/07/31,13:50:00,16:40:00
虎ノ門一丁目店,ジム,00045,児嶋 朋子,2022/07/01,19:58:00,21:21:00
特許庁前店,ジム,00046,山口 奈緒,2022/07/02,14:20:00,21:10:00
虎ノ門一丁目店,ジム,00047,斉藤 太一,2022/07/03,14:20:00,18:10:00
特許庁前店,プール,00048,岩坪 智哉,2022/07/04,15:20:00,16:20:00
虎ノ門一丁目店,ジム,00049,関口 彩,2022/07/05,16:20:00,18:10:00
特許庁前店,ジム,00050,中路 繁,2022/07/06,13:50:00,16:40:00
溜池山王店,プール,00051,池永 太一郎,2022/07/07,19:58:00,21:21:00
虎ノ門一丁目店,プール,00052,及川 拓也,2022/07/08,14:20:00,21:10:00
山王パークタワー店,ジム,00053,浅野 司郎,2022/07/09,16:20:00,19:10:00
特許庁前店,スタジオ,00054,安田 ひろみ,2022/07/10,14:20:00,18:10:00
溜池山王店,プール,00055,佐藤 範幸,2022/07/11,15:20:00,16:20:00
虎ノ門一丁目店,プール,00056,阿部 麻衣子,2022/07/12,16:20:00,18:10:00
虎ノ門一丁目店,ジム,00057,入江 健太,2022/07/13,13:50:00,16:40:00
虎ノ門一丁目店,ジム,00058,飯島 拓,2022/07/14,19:50:00,21:10:00
山王パークタワー店,ジム,00059,塚田 大地,2022/07/15,14:20:00,21:10:00
特許庁前店,プール,00060,折田 沙織,2022/07/16,16:20:00,19:10:00
虎ノ門一丁目店,プール,00103,吉田 修,2022/07/17,9:25:00,14:20:00
日比谷中日ビル店,プール,00104,湯浅 恵美,2022/07/18,10:13:00,11:00:00
溜池山王店,ジム,00003,小林 和宏,2022/07/19,8:32:00,9:02:00
山王パークタワー店,ジム,00064,長坂 さくら,2022/07/20,13:50:00,16:40:00
特許庁前店,ジム,00065,日名 要,2022/07/21,19:58:00,21:21:00
特許庁前店,プール,00066,坂口 さん,2022/07/22,14:20:00,21:10:00
特許庁前店,スタジオ,00067,大崎 真志,2022/07/23,16:20:00,19:10:00
溜池山王店,プール,00068,吉村 真悠子,2022/07/24,14:20:00,18:10:00
虎ノ門一丁目店,プール,00069,吉澤 弘文,2022/07/25,15:20:00,16:20:00
虎ノ門一丁目店,ジム,00070,渡邊 哲哉,2022/07/26,16:20:00,18:10:00
虎ノ門一丁目店,ジム,00071,渡辺 妙子,2022/07/27,13:50:00,16:40:00
虎ノ門一丁目店,プール,00072,林 薫,2022/07/28,19:50:00,21:10:00
山王パークタワー店,プール,00073,久保 真彦,2022/07/29,14:20:00,21:10:00
虎ノ門一丁目店,スタジオ,00074,大塚 健太,2022/07/30,16:20:00,19:10:00
特許庁前店,ジム,00075,西村 光一,2022/07/31,9:25:00,14:20:00
虎ノ門一丁目店,ジム,00076,児玉 りえ,2022/07/01,10:13:00,11:00:00
特許庁前店,プール,00004,佐藤 三郎,2022/07/02,8:32:00,9:02:00
山王パークタワー店,プール,00005,竹原 崇博,2022/07/03,9:25:00,14:20:00
虎ノ門一丁目店,プール,00006,工藤 哲司,2022/07/04,10:13:00,11:00:00
溜池山王店,ジム,00007,鈴木 純,2022/07/05,8:32:00,9:02:00
溜池山王店,プール,00008,柴田 菜美子,2022/07/06,13:50:00,16:40:00
溜池山王店,ジム,00009,神田 信仁,2022/07/07,19:58:00,21:21:00
溜池山王店,ジム,00010,福田 清,2022/07/08,14:20:00,21:10:00
溜池山王店,ジム,00011,山本 利雄,2022/07/09,16:20:00,19:10:00
虎ノ門一丁目店,ジム,00085,岩崎 舞子,2022/07/10,5:06:00,6:32:00
山王パークタワー店,ジム,00086,小林 健一,2022/07/11,14:20:00,21:10:00
特許庁前店,プール,00016,小出 一也,2022/07/12,16:20:00,19:10:00
虎ノ門一丁目店,ジム,00014,中村 裕,2022/07/13,9:25:00,14:20:00
日比谷中日ビル店,プール,00015,田丸 優子,2022/07/14,10:13:00,11:00:00
溜池山王店,プール,00004,佐藤 三郎,2022/07/15,8:32:00,9:02:00
山王パークタワー店,ジム,00016,小出 一也,2022/07/16,13:50:00,16:40:00
特許庁前店,プール,00006,工藤 哲司,2022/07/17,19:58:00,21:21:00
特許庁前店,スタジオ,00007,鈴木 純,2022/07/18,14:20:00,21:10:00
特許庁前店,スタジオ,00008,柴田 菜美子,2022/07/19,14:20:00,18:10:00
溜池山王店,ジム,00009,神田 信仁,2022/07/20,15:20:00,16:20:00
虎ノ門一丁目店,ジム,00014,中村 裕,2022/07/21,16:20:00,18:10:00
虎ノ門一丁目店,プール,00015,田丸 優子,2022/07/22,13:50:00,16:40:00
虎ノ門一丁目店,プール,00024,西河 麻妃,2022/07/23,19:58:00,21:21:00
山王パークタワー店,ジム,00025,佐藤 孝徳,2022/07/24,14:20:00,21:10:00
虎ノ門一丁目店,プール,00026,市川 清夏,2022/07/25,16:20:00,19:10:00
特許庁前店,プール,00027,高橋 有希,2022/07/26,14:20:00,18:10:00
虎ノ門一丁目店,ジム,00028,井口 知佳,2022/07/27,15:20:00,16:20:00
特許庁前店,プール,00029,薄田 なつこ,2022/07/28,16:20:00,18:10:00
虎ノ門一丁目店,スタジオ,00030,石野 邦雄,2022/07/29,13:50:00,16:40:00
虎ノ門一丁目店,ジム,00031,喜多 梓,2022/07/30,19:50:00,21:10:00
虎ノ門一丁目店,プール,00029,薄田 なつこ,2022/07/31,14:20:00,21:10:00
特許庁前店,プール,00030,石野 邦雄,2022/07/01,16:20:00,19:10:00
虎ノ門一丁目店,ジム,00031,喜多 梓,2022/07/02,9:25:00,14:20:00
溜池山王店,ジム,00032,下村 大樹,2022/07/03,10:13:00,11:00:00
溜池山王店,ジム,00033,須釜 悟,2022/07/04,8:32:00,9:02:00
虎ノ門一丁目店,プール,00034,小田部 正博,2022/07/05,13:50:00,16:40:00
特許庁前店,ジム,00035,伊藤 芳昭,2022/07/06,19:58:00,21:21:00
特許庁前店,ジム,00036,安本 真由子,2022/07/07,14:20:00,21:10:00
虎ノ門一丁目店,プール,00037,小林 奈緒美,2022/07/08,16:20:00,19:10:00
特許庁前店,プール,00038,荻野 等,2022/07/09,14:20:00,18:10:00
溜池山王店,プール,00039,馬渕 郁実,2022/07/10,15:20:00,16:20:00
山王パークタワー店,スタジオ,00040,大室 克己,2022/07/11,16:20:00,18:10:00
山王パークタワー店,スタジオ,00041,野村 浩次,2022/07/12,13:50:00,16:40:00
溜池山王店,ジム,00042,中野 萌子,2022/07/13,19:50:00,21:10:00
溜池山王店,ジム,00043,熊谷 大輔,2022/07/14,14:20:00,21:10:00
虎ノ門一丁目店,ジム,00044,須山 愛美,2022/07/15,16:20:00,19:10:00
山王パークタワー店,プール,00045,児嶋 朋子,2022/07/16,9:25:00,14:20:00
特許庁前店,ジム,00046,山口 奈緒,2022/07/17,10:13:00,11:00:00
日比谷中日ビル店,プール,00047,斉藤 太一,2022/07/18,8:32:00,9:02:00
溜池山王店,プール,00048,岩坪 智哉,2022/07/19,9:25:00,14:20:00
特許庁前店,ジム,00049,関口 彩,2022/07/20,10:13:00,11:00:00
特許庁前店,プール,00035,伊藤 芳昭,2022/07/21,8:32:00,9:02:00
特許庁前店,スタジオ,00036,安本 真由子,2022/07/22,13:50:00,16:40:00
溜池山王店,スタジオ,00037,小林 奈緒美,2022/07/23,19:58:00,21:21:00
虎ノ門一丁目店,ジム,00038,荻野 等,2022/07/24,14:20:00,21:10:00
日比谷中日ビル店,ジム,00039,馬渕 郁実,2022/07/25,16:20:00,19:10:00
特許庁前店,プール,00040,大室 克己,2022/07/26,5:06:00,6:32:00
溜池山王店,プール,00041,野村 浩次,2022/07/27,14:20:00,21:10:00
虎ノ門一丁目店,ジム,00042,中野 萌子,2022/07/28,16:20:00,19:10:00
特許庁前店,プール,00043,熊谷 大輔,2022/07/29,9:25:00,14:20:00
虎ノ門一丁目店,プール,00044,須山 愛美,2022/07/30,10:13:00,11:00:00
特許庁前店,ジム,00005,竹原 崇博,2022/07/31,8:32:00,9:02:00
溜池山王店,プール,00006,工藤 哲司,2022/07/01,13:50:00,16:40:00
溜池山王店,スタジオ,00098,高野 哲也,2022/07/02,19:58:00,21:21:00
特許庁前店,ジム,00099,山本 謙一,2022/07/03,14:20:00,21:10:00
虎ノ門一丁目店,プール,00100,村岡 真理,2022/07/04,14:20:00,18:10:00
特許庁前店,プール,00101,小笠原 綾,2022/07/05,15:20:00,16:20:00
特許庁前店,ジム,00102,藤沢 淳子,2022/07/06,16:20:00,18:10:00
溜池山王店,ジム,00103,吉田 修,2022/07/07,13:50:00,16:40:00
虎ノ門一丁目店,ジム,00104,湯浅 恵美,2022/07/08,19:58:00,21:21:00
特許庁前店,プール,00003,小林 和宏,2022/07/09,14:20:00,21:10:00
虎ノ門一丁目店,ジム,00004,佐藤 三郎,2022/07/10,16:20:00,19:10:00
特許庁前店,ジム,00001,高橋 直樹,2022/07/11,14:20:00,18:10:00
虎ノ門一丁目店,プール,00002,加藤 大樹,2022/07/12,15:20:00,16:20:00
特許庁前店,プール,00003,小林 和宏,2022/07/13,16:20:00,18:10:00
溜池山王店,プール,00066,坂口 さん,2022/07/14,13:50:00,16:40:00
虎ノ門一丁目店,スタジオ,00067,大崎 真志,2022/07/15,19:50:00,21:10:00
山王パークタワー店,スタジオ,00006,工藤 哲司,2022/07/16,14:20:00,21:10:00
特許庁前店,ジム,00007,鈴木 純,2022/07/17,16:20:00,19:10:00
溜池山王店,ジム,00008,柴田 菜美子,2022/07/18,9:25:00,14:20:00
虎ノ門一丁目店,ジム,00009,神田 信仁,2022/07/19,10:13:00,11:00:00
虎ノ門一丁目店,プール,00010,福田 清,2022/07/20,8:32:00,9:02:00
虎ノ門一丁目店,ジム,00011,山本 利雄,2022/07/21,13:50:00,16:40:00
山王パークタワー店,プール,00012,藤原 利江子,2022/07/22,19:58:00,21:21:00
特許庁前店,プール,00013,田中 圭一,2022/07/23,14:20:00,21:10:00
虎ノ門一丁目店,ジム,00014,中村 裕,2022/07/24,16:20:00,19:10:00
日比谷中日ビル店,プール,00015,田丸 優子,2022/07/25,14:20:00,18:10:00
溜池山王店,スタジオ,00016,小出 一也,2022/07/26,15:20:00,16:20:00
山王パークタワー店,スタジオ,00017,嶋田 和洋,2022/07/27,16:20:00,18:10:00
特許庁前店,ジム,00016,小出 一也,2022/07/28,13:50:00,16:40:00
特許庁前店,ジム,00017,嶋田 和洋,2022/07/29,19:50:00,21:10:00
特許庁前店,プール,00020,亀田 旭,2022/07/30,14:20:00,21:10:00
溜池山王店,プール,00021,武田 順,2022/07/31,16:20:00,19:10:00
虎ノ門一丁目店,ジム,00022,日比 洋行,2022/07/01,9:25:00,14:20:00
虎ノ門一丁目店,プール,00023,内山 聖,2022/07/02,10:13:00,11:00:00
虎ノ門一丁目店,プール,00024,西河 麻妃,2022/07/03,8:32:00,9:02:00
虎ノ門一丁目店,ジム,00025,佐藤 孝徳,2022/07/04,9:25:00,14:20:00
山王パークタワー店,プール,00026,市川 清夏,2022/07/05,10:13:00,11:00:00
虎ノ門一丁目店,スタジオ,00027,高橋 有希,2022/07/06,8:32:00,9:02:00
特許庁前店,ジム,00028,井口 知佳,2022/07/07,13:50:00,16:40:00
虎ノ門一丁目店,プール,00029,薄田 なつこ,2022/07/08,19:58:00,21:21:00
特許庁前店,プール,00030,石野 邦雄,2022/07/09,14:20:00,21:10:00
山王パークタワー店,ジム,00031,喜多 梓,2022/07/10,16:20:00,19:10:00
虎ノ門一丁目店,ジム,00032,下村 大樹,2022/07/11,5:06:00,6:32:00
溜池山王店,ジム,00045,児嶋 朋子,2022/07/12,14:20:00,21:10:00
溜池山王店,プール,00016,小出 一也,2022/07/13,16:20:00,19:10:00
溜池山王店,ジム,00017,嶋田 和洋,2022/07/14,9:25:00,14:20:00
溜池山王店,ジム,00006,工藤 哲司,2022/07/15,10:13:00,11:00:00
溜池山王店,プール,00066,坂口 さん,2022/07/16,8:32:00,9:02:00
虎ノ門一丁目店,プール,00053,浅野 司郎,2022/07/17,13:50:00,16:40:00
山王パークタワー店,プール,00054,安田 ひろみ,2022/07/18,19:58:00,21:21:00
特許庁前店,スタジオ,00055,佐藤 範幸,2022/07/19,14:20:00,21:10:00
虎ノ門一丁目店,スタジオ,00056,阿部 麻衣子,2022/07/20,14:20:00,18:10:00
日比谷中日ビル店,ジム,00057,入江 健太,2022/07/21,15:20:00,16:20:00
溜池山王店,ジム,00058,飯島 拓,2022/07/22,16:20:00,18:10:00
山王パークタワー店,ジム,00059,塚田 大地,2022/07/23,13:50:00,16:40:00
特許庁前店,プール,00060,折田 沙織,2022/07/24,19:58:00,21:21:00
特許庁前店,プール,00103,吉田 修,2022/07/25,14:20:00,21:10:00
特許庁前店,ジム,00104,湯浅 恵美,2022/07/26,16:20:00,19:10:00
溜池山王店,ジム,00003,小林 和宏,2022/07/27,14:20:00,18:10:00
虎ノ門一丁目店,ジム,00064,長坂 さくら,2022/07/28,15:20:00,16:20:00
虎ノ門一丁目店,プール,00065,日名 要,2022/07/29,16:20:00,18:10:00
虎ノ門一丁目店,ジム,00066,坂口 さん,2022/07/30,13:50:00,16:40:00
山王パークタワー店,ジム,00067,大崎 真志,2022/07/31,19:50:00,21:10:00
虎ノ門一丁目店,プール,00068,吉村 真悠子,2022/07/01,14:20:00,21:10:00
特許庁前店,プール,00069,吉澤 弘文,2022/07/02,16:20:00,19:10:00
虎ノ門一丁目店,ジム,00070,渡邊 哲哉,2022/07/03,9:25:00,14:20:00
特許庁前店,スタジオ,00071,渡辺 妙子,2022/07/04,10:13:00,11:00:00
虎ノ門一丁目店,プール,00072,林 薫,2022/07/05,8:32:00,9:02:00
虎ノ門一丁目店,プール,00073,久保 真彦,2022/07/06,13:50:00,16:40:00
虎ノ門一丁目店,ジム,00074,大塚 健太,2022/07/07,19:58:00,21:21:00
特許庁前店,ジム,00075,西村 光一,2022/07/08,14:20:00,21:10:00
虎ノ門一丁目店,ジム,00076,児玉 りえ,2022/07/09,16:20:00,19:10:00
溜池山王店,プール,00004,佐藤 三郎,2022/07/10,14:20:00,18:10:00
溜池山王店,プール,00005,竹原 崇博,2022/07/11,15:20:00,16:20:00
虎ノ門一丁目店,プール,00006,工藤 哲司,2022/07/12,16:20:00,18:10:00
特許庁前店,ジム,00007,鈴木 純,2022/07/13,13:50:00,16:40:00
特許庁前店,ジム,00008,柴田 菜美子,2022/07/14,19:50:00,21:10:00
虎ノ門一丁目店,ジム,00009,神田 信仁,2022/07/15,14:20:00,21:10:00
特許庁前店,プール,00010,福田 清,2022/07/16,16:20:00,19:10:00
溜池山王店,スタジオ,00011,山本 利雄,2022/07/17,9:25:00,14:20:00
山王パークタワー店,プール,00085,岩崎 舞子,2022/07/18,10:13:00,11:00:00
山王パークタワー店,プール,00086,小林 健一,2022/07/19,8:32:00,9:02:00
溜池山王店,ジム,00016,小出 一也,2022/07/20,9:25:00,14:20:00
溜池山王店,ジム,00014,中村 裕,2022/07/21,10:13:00,11:00:00
虎ノ門一丁目店,プール,00015,田丸 優子,2022/07/22,8:32:00,9:02:00
山王パークタワー店,プール,00004,佐藤 三郎,2022/07/23,13:50:00,16:40:00
特許庁前店,スタジオ,00016,小出 一也,2022/07/24,19:58:00,21:21:00
日比谷中日ビル店,ジム,00006,工藤 哲司,2022/07/25,14:20:00,21:10:00
溜池山王店,ジム,00007,鈴木 純,2022/07/26,16:20:00,19:10:00
特許庁前店,プール,00008,柴田 菜美子,2022/07/27,5:06:00,6:32:00
特許庁前店,プール,00009,神田 信仁,2022/07/28,14:20:00,21:10:00
特許庁前店,プール,00014,中村 裕,2022/07/29,16:20:00,19:10:00
溜池山王店,ジム,00015,田丸 優子,2022/07/30,9:25:00,14:20:00
虎ノ門一丁目店,プール,00024,西河 麻妃,2022/07/31,10:13:00,11:00:00
日比谷中日ビル店,ジム,00025,佐藤 孝徳,2022/07/01,8:32:00,9:02:00
特許庁前店,ジム,00026,市川 清夏,2022/07/02,13:50:00,16:40:00
溜池山王店,ジム,00027,高橋 有希,2022/07/03,19:58:00,21:21:00
虎ノ門一丁目店,ジム,00028,井口 知佳,2022/07/04,14:20:00,21:10:00
特許庁前店,ジム,00029,薄田 なつこ,2022/07/05,14:20:00,18:10:00
虎ノ門一丁目店,プール,00030,石野 邦雄,2022/07/06,15:20:00,16:20:00
特許庁前店,ジム,00031,喜多 梓,2022/07/07,16:20:00,18:10:00
溜池山王店,プール,00029,薄田 なつこ,2022/07/08,13:50:00,16:40:00
溜池山王店,プール,00030,石野 邦雄,2022/07/09,19:58:00,21:21:00
特許庁前店,ジム,00031,喜多 梓,2022/07/10,14:20:00,21:10:00
虎ノ門一丁目店,プール,00032,下村 大樹,2022/07/11,16:20:00,19:10:00
特許庁前店,スタジオ,00033,須釜 悟,2022/07/12,14:20:00,18:10:00
特許庁前店,スタジオ,00034,小田部 正博,2022/07/13,15:20:00,16:20:00
溜池山王店,ジム,00035,伊藤 芳昭,2022/07/14,16:20:00,18:10:00
虎ノ門一丁目店,ジム,00036,安本 真由子,2022/07/15,13:50:00,16:40:00
特許庁前店,プール,00037,小林 奈緒美,2022/07/16,19:50:00,21:10:00
虎ノ門一丁目店,プール,00038,荻野 等,2022/07/17,14:20:00,21:10:00
特許庁前店,ジム,00039,馬渕 郁実,2022/07/18,16:20:00,19:10:00
虎ノ門一丁目店,プール,00015,田丸 優子,2022/07/19,9:25:00,14:20:00
特許庁前店,プール,00024,西河 麻妃,2022/07/20,10:13:00,11:00:00
溜池山王店,ジム,00025,佐藤 孝徳,2022/07/21,8:32:00,9:02:00
虎ノ門一丁目店,プール,00026,市川 清夏,2022/07/22,13:50:00,16:40:00
山王パークタワー店,スタジオ,00027,高橋 有希,2022/07/23,19:58:00,21:21:00
特許庁前店,ジム,00054,安田 ひろみ,2022/07/24,14:20:00,21:10:00
溜池山王店,プール,00055,佐藤 範幸,2022/07/25,16:20:00,19:10:00
虎ノ門一丁目店,プール,00056,阿部 麻衣子,2022/07/26,14:20:00,18:10:00
虎ノ門一丁目店,ジム,00057,入江 健太,2022/07/27,15:20:00,16:20:00
虎ノ門一丁目店,ジム,00058,飯島 拓,2022/07/28,16:20:00,18:10:00
山王パークタワー店,ジム,00059,塚田 大地,2022/07/29,13:50:00,16:40:00
特許庁前店,プール,00006,工藤 哲司,2022/07/30,19:50:00,21:10:00
虎ノ門一丁目店,ジム,00066,坂口 さん,2022/07/31,14:20:00,21:10:00
日比谷中日ビル店,ジム,00053,浅野 司郎,2022/07/31,16:20:00,19:10:00
溜池山王店,プール,00054,安田 ひろみ,2022/07/01,9:25:00,14:20:00
山王パークタワー店,プール,00055,佐藤 範幸,2022/07/02,10:13:00,11:00:00
特許庁前店,プール,00056,阿部 麻衣子,2022/07/03,8:32:00,9:02:00
特許庁前店,スタジオ,00057,入江 健太,2022/07/04,9:25:00,14:20:00
特許庁前店,スタジオ,00058,飯島 拓,2022/07/05,10:13:00,11:00:00
溜池山王店,ジム,00059,塚田 大地,2022/07/06,8:32:00,9:02:00
虎ノ門一丁目店,ジム,00060,折田 沙織,2022/07/07,13:50:00,16:40:00
虎ノ門一丁目店,ジム,00103,吉田 修,2022/07/08,19:58:00,21:21:00
虎ノ門一丁目店,プール,00104,湯浅 恵美,2022/07/09,14:20:00,21:10:00
虎ノ門一丁目店,ジム,00003,小林 和宏,2022/07/10,16:20:00,19:10:00
山王パークタワー店,プール,00064,長坂 さくら,2022/07/11,5:06:00,6:32:00
虎ノ門一丁目店,プール,00065,日名 要,2022/07/12,14:20:00,21:10:00
特許庁前店,ジム,00066,坂口 さん,2022/07/13,16:20:00,19:10:00
虎ノ門一丁目店,プール,00067,大崎 真志,2022/07/14,9:25:00,14:20:00
特許庁前店,スタジオ,00068,吉村 真悠子,2022/07/15,10:13:00,11:00:00
山王パークタワー店,スタジオ,00069,吉澤 弘文,2022/07/16,8:32:00,9:02:00
虎ノ門一丁目店,ジム,00070,渡邊 哲哉,2022/07/17,13:50:00,16:40:00
溜池山王店,ジム,00071,渡辺 妙子,2022/07/18,19:58:00,21:21:00
溜池山王店,プール,00072,林 薫,2022/07/19,14:20:00,21:10:00
溜池山王店,プール,00073,久保 真彦,2022/07/20,14:20:00,18:10:00
溜池山王店,ジム,00074,大塚 健太,2022/07/21,15:20:00,16:20:00
溜池山王店,プール,00075,西村 光一,2022/07/22,16:20:00,18:10:00
虎ノ門一丁目店,プール,00076,児玉 りえ,2022/07/23,13:50:00,16:40:00
山王パークタワー店,ジム,00004,佐藤 三郎,2022/07/24,19:58:00,21:21:00
特許庁前店,プール,00005,竹原 崇博,2022/07/25,14:20:00,21:10:00
虎ノ門一丁目店,スタジオ,00006,工藤 哲司,2022/07/26,16:20:00,19:10:00
日比谷中日ビル店,ジム,00007,鈴木 純,2022/07/27,14:20:00,18:10:00
溜池山王店,プール,00008,柴田 菜美子,2022/07/28,15:20:00,16:20:00
山王パークタワー店,プール,00009,神田 信仁,2022/07/29,16:20:00,18:10:00
特許庁前店,ジム,00010,福田 清,2022/07/30,13:50:00,16:40:00
特許庁前店,ジム,00011,山本 利雄,2022/07/31,19:50:00,21:10:00
特許庁前店,ジム,00085,岩崎 舞子,2022/07/01,14:20:00,21:10:00
溜池山王店,プール,00086,小林 健一,2022/07/02,16:20:00,19:10:00
虎ノ門一丁目店,ジム,00016,小出 一也,2022/07/03,9:25:00,14:20:00
虎ノ門一丁目店,ジム,00014,中村 裕,2022/07/04,10:13:00,11:00:00
虎ノ門一丁目店,プール,00015,田丸 優子,2022/07/05,8:32:00,9:02:00
山王パークタワー店,プール,00004,佐藤 三郎,2022/07/06,13:50:00,16:40:00
虎ノ門一丁目店,プール,00016,小出 一也,2022/07/07,19:58:00,21:21:00
特許庁前店,スタジオ,00006,工藤 哲司,2022/07/08,14:20:00,21:10:00
虎ノ門一丁目店,スタジオ,00007,鈴木 純,2022/07/09,16:20:00,19:10:00
特許庁前店,ジム,00008,柴田 菜美子,2022/07/10,14:20:00,18:10:00
虎ノ門一丁目店,ジム,00009,神田 信仁,2022/07/11,15:20:00,16:20:00
虎ノ門一丁目店,ジム,00014,中村 裕,2022/07/12,16:20:00,18:10:00
虎ノ門一丁目店,ジム,00015,田丸 優子,2022/07/13,13:50:00,16:40:00
特許庁前店,プール,00024,西河 麻妃,2022/07/14,19:50:00,21:10:00
虎ノ門一丁目店,スタジオ,00025,佐藤 孝徳,2022/07/15,14:20:00,21:10:00
溜池山王店,スタジオ,00026,市川 清夏,2022/07/16,16:20:00,19:10:00
溜池山王店,ジム,00027,高橋 有希,2022/07/17,9:25:00,14:20:00
虎ノ門一丁目店,ジム,00028,井口 知佳,2022/07/18,10:13:00,11:00:00
特許庁前店,プール,00029,薄田 なつこ,2022/07/19,8:32:00,9:02:00
特許庁前店,プール,00030,石野 邦雄,2022/07/20,9:25:00,14:20:00
虎ノ門一丁目店,ジム,00031,喜多 梓,2022/07/21,10:13:00,11:00:00
特許庁前店,プール,00029,薄田 なつこ,2022/07/22,8:32:00,9:02:00
溜池山王店,プール,00030,石野 邦雄,2022/07/23,13:50:00,16:40:00
山王パークタワー店,ジム,00031,喜多 梓,2022/07/24,19:58:00,21:21:00
山王パークタワー店,プール,00032,下村 大樹,2022/07/25,14:20:00,21:10:00
溜池山王店,スタジオ,00033,須釜 悟,2022/07/26,16:20:00,19:10:00
溜池山王店,ジム,00034,小田部 正博,2022/07/27,5:06:00,6:32:00
虎ノ門一丁目店,プール,00035,伊藤 芳昭,2022/07/28,14:20:00,21:10:00
山王パークタワー店,プール,00036,安本 真由子,2022/07/29,16:20:00,19:10:00
特許庁前店,ジム,00037,小林 奈緒美,2022/07/30,9:25:00,14:20:00
日比谷中日ビル店,プール,00038,荻野 等,2022/07/31,10:13:00,11:00:00
溜池山王店,スタジオ,00039,馬渕 郁実,2022/07/01,8:32:00,9:02:00
特許庁前店,ジム,00015,田丸 優子,2022/07/02,13:50:00,16:40:00
特許庁前店,プール,00024,西河 麻妃,2022/07/03,19:58:00,21:21:00
特許庁前店,プール,00025,佐藤 孝徳,2022/07/04,14:20:00,21:10:00
溜池山王店,ジム,00026,市川 清夏,2022/07/05,14:20:00,18:10:00
虎ノ門一丁目店,ジム,00027,高橋 有希,2022/07/06,15:20:00,16:20:00
日比谷中日ビル店,ジム,00054,安田 ひろみ,2022/07/07,16:20:00,18:10:00
特許庁前店,プール,00055,佐藤 範幸,2022/07/08,13:50:00,16:40:00
溜池山王店,ジム,00056,阿部 麻衣子,2022/07/09,19:58:00,21:21:00
虎ノ門一丁目店,ジム,00057,入江 健太,2022/07/10,14:20:00,21:10:00
特許庁前店,プール,00058,飯島 拓,2022/07/11,16:20:00,19:10:00
虎ノ門一丁目店,プール,00059,塚田 大地,2022/07/12,14:20:00,18:10:00
特許庁前店,ジム,00006,工藤 哲司,2022/07/13,15:20:00,16:20:00
溜池山王店,ジム,00066,坂口 さん,2022/07/14,16:20:00,18:10:00
溜池山王店,ジム,00053,浅野 司郎,2022/07/15,13:50:00,16:40:00
特許庁前店,プール,00054,安田 ひろみ,2022/07/16,19:50:00,21:10:00
虎ノ門一丁目店,ジム,00055,佐藤 範幸,2022/07/17,14:20:00,21:10:00
特許庁前店,ジム,00056,阿部 麻衣子,2022/07/18,16:20:00,19:10:00
特許庁前店,プール,00057,入江 健太,2022/07/19,9:25:00,14:20:00
溜池山王店,プール,00058,飯島 拓,2022/07/20,10:13:00,11:00:00
虎ノ門一丁目店,ジム,00059,塚田 大地,2022/07/21,8:32:00,9:02:00
特許庁前店,ジム,00060,折田 沙織,2022/07/22,13:50:00,16:40:00
虎ノ門一丁目店,ジム,00103,吉田 修,2022/07/23,19:58:00,21:21:00
特許庁前店,プール,00104,湯浅 恵美,2022/07/24,14:20:00,21:10:00
虎ノ門一丁目店,ジム,00003,小林 和宏,2022/07/25,16:20:00,19:10:00
特許庁前店,ジム,00064,長坂 さくら,2022/07/26,14:20:00,18:10:00
溜池山王店,プール,00065,日名 要,2022/07/27,15:20:00,16:20:00
虎ノ門一丁目店,プール,00066,坂口 さん,2022/07/28,16:20:00,18:10:00
山王パークタワー店,ジム,00067,大崎 真志,2022/07/29,13:50:00,16:40:00
特許庁前店,ジム,00068,吉村 真悠子,2022/07/30,19:50:00,21:10:00
溜池山王店,ジム,00069,吉澤 弘文,2022/07/31,14:20:00,21:10:00
虎ノ門一丁目店,プール,00070,渡邊 哲哉,2022/07/31,16:20:00,19:10:00
虎ノ門一丁目店,ジム,00071,渡辺 妙子,2022/07/01,9:25:00,14:20:00
虎ノ門一丁目店,ジム,00072,林 薫,2022/07/02,10:13:00,11:00:00